{
  "project_info": {
    "project_number": "403847674316",
    "project_id": "gctf23-android-app",
    "storage_bucket": "gctf23-android-app.appspot.com"
  },
  "client": [
    {
      "client_info": {
        "mobilesdk_app_id": "1:403847674316:android:357b0a3502cc0ef3ba4569",
        "android_client_info": {
          "package_name": "dev.czlucius.gctf23challenge"
        }
      },
      "oauth_client": [],
      "api_key": [
        {
          "current_key": "AIzaSyDsLedvWOlFojBotPeu7UrESh2DlSibi1s"
        }
      ],
      "services": {
        "appinvite_service": {
          "other_platform_oauth_client": []
        }
      }
    }
  ],
  "configuration_version": "1"
}