{
  "version": 1,
  "author": "Anonymous maker",
  "editor": "wokwi",
  "parts": [
    { "type": "wokwi-arduino-uno", "id": "uno", "top": 0.6, "left": -67.8, "attrs": {} },
    { "type": "wokwi-74hc595", "id": "sr1", "top": 18, "left": 293.44, "attrs": {} },
    { "type": "wokwi-gate-nand-2", "id": "nand9", "top": 364.8, "left": 355.2, "attrs": {} },
    { "type": "wokwi-gate-or-2", "id": "or22", "top": 355.2, "left": 480, "attrs": {} },
    { "type": "wokwi-gate-nand-2", "id": "nand26", "top": 422.4, "left": 480, "attrs": {} },
    { "type": "wokwi-gate-or-2", "id": "or23", "top": 384, "left": 614.4, "attrs": {} },
    { "type": "wokwi-gate-nand-2", "id": "nand24", "top": 403.2, "left": 816, "attrs": {} },
    { "type": "wokwi-gate-xor-2", "id": "xor1", "top": 172.8, "left": 1603.2, "attrs": {} },
    { "type": "wokwi-gate-xor-2", "id": "xor2", "top": 86.4, "left": 1420.8, "attrs": {} },
    { "type": "wokwi-gate-not", "id": "not1", "top": 0, "left": 1363.2, "attrs": {} },
    { "type": "wokwi-gate-nand-2", "id": "nand1", "top": 0, "left": 1219.2, "attrs": {} },
    { "type": "wokwi-gate-xor-2", "id": "xor3", "top": 144, "left": 1084.8, "attrs": {} },
    { "type": "wokwi-gate-or-2", "id": "or1", "top": 172.8, "left": 912, "attrs": {} },
    { "type": "wokwi-gate-and-2", "id": "and2", "top": 268.8, "left": 902.4, "attrs": {} },
    { "type": "wokwi-gate-nand-2", "id": "nand2", "top": -76.8, "left": 1036.8, "attrs": {} },
    { "type": "wokwi-gate-nand-2", "id": "nand3", "top": 38.4, "left": 1036.8, "attrs": {} },
    { "type": "wokwi-gate-and-2", "id": "and3", "top": -76.8, "left": 662.4, "attrs": {} },
    { "type": "wokwi-gate-nand-2", "id": "nand4", "top": 28.8, "left": 835.2, "attrs": {} },
    { "type": "wokwi-gate-nand-2", "id": "nand5", "top": -9.6, "left": 691.2, "attrs": {} },
    { "type": "wokwi-gate-nand-2", "id": "nand6", "top": 76.8, "left": 691.2, "attrs": {} },
    { "type": "wokwi-gate-nand-2", "id": "nand7", "top": 38.4, "left": 585.6, "attrs": {} },
    { "type": "wokwi-gate-not", "id": "not2", "top": 163.2, "left": 758.4, "attrs": {} },
    { "type": "wokwi-gate-xor-2", "id": "xor4", "top": 220.8, "left": 576, "attrs": {} },
    { "type": "wokwi-led", "id": "led4", "top": -42, "left": 349.4, "attrs": { "color": "red" } },
    { "type": "wokwi-flip-flop-dsr", "id": "flop1", "top": 259.2, "left": 1843.2, "attrs": {} },
    { "type": "wokwi-gnd", "id": "gnd1", "top": 220.8, "left": 1909.8, "attrs": {} },
    { "type": "wokwi-flip-flop-dsr", "id": "flop2", "top": 355.2, "left": 1843.2, "attrs": {} },
    { "type": "wokwi-gnd", "id": "gnd2", "top": 316.8, "left": 1909.8, "attrs": {} },
    { "type": "wokwi-flip-flop-dsr", "id": "flop3", "top": 441.6, "left": 1843.2, "attrs": {} },
    { "type": "wokwi-gnd", "id": "gnd3", "top": 403.2, "left": 1909.8, "attrs": {} },
    { "type": "wokwi-flip-flop-dsr", "id": "flop4", "top": 537.6, "left": 1843.2, "attrs": {} },
    { "type": "wokwi-gnd", "id": "gnd4", "top": 499.2, "left": 1909.8, "attrs": {} },
    { "type": "wokwi-flip-flop-dsr", "id": "flop6", "top": 739.2, "left": 1843.2, "attrs": {} },
    { "type": "wokwi-gnd", "id": "gnd6", "top": 700.8, "left": 1909.8, "attrs": {} },
    { "type": "wokwi-flip-flop-dsr", "id": "flop9", "top": 1027.2, "left": 1833.6, "attrs": {} },
    { "type": "wokwi-gnd", "id": "gnd9", "top": 988.8, "left": 1900.2, "attrs": {} },
    { "type": "wokwi-flip-flop-dsr", "id": "flop10", "top": 1123.2, "left": 1833.6, "attrs": {} },
    { "type": "wokwi-gnd", "id": "gnd10", "top": 1084.8, "left": 1900.2, "attrs": {} },
    { "type": "wokwi-flip-flop-dsr", "id": "flop11", "top": 1209.6, "left": 1833.6, "attrs": {} },
    { "type": "wokwi-gnd", "id": "gnd11", "top": 1171.2, "left": 1900.2, "attrs": {} },
    { "type": "wokwi-flip-flop-dsr", "id": "flop12", "top": 1305.6, "left": 1833.6, "attrs": {} },
    { "type": "wokwi-gnd", "id": "gnd12", "top": 1267.2, "left": 1900.2, "attrs": {} },
    { "type": "wokwi-flip-flop-dsr", "id": "flop13", "top": 1411.2, "left": 1833.6, "attrs": {} },
    { "type": "wokwi-gnd", "id": "gnd13", "top": 1372.8, "left": 1900.2, "attrs": {} },
    { "type": "wokwi-flip-flop-dsr", "id": "flop14", "top": 1507.2, "left": 1833.6, "attrs": {} },
    { "type": "wokwi-gnd", "id": "gnd14", "top": 1468.8, "left": 1900.2, "attrs": {} },
    { "type": "wokwi-flip-flop-dsr", "id": "flop15", "top": 1593.6, "left": 1833.6, "attrs": {} },
    { "type": "wokwi-gnd", "id": "gnd15", "top": 1555.2, "left": 1900.2, "attrs": {} },
    { "type": "wokwi-gnd", "id": "gnd16", "top": 1651.2, "left": 1900.2, "attrs": {} },
    { "type": "wokwi-gate-xor-2", "id": "xor5", "top": 268.8, "left": 2016, "attrs": {} },
    { "type": "wokwi-gnd", "id": "gnd17", "top": 249.6, "left": 1977, "attrs": {} },
    { "type": "wokwi-gate-or-2", "id": "or2", "top": 441.6, "left": 2150.4, "attrs": {} },
    { "type": "wokwi-gate-not", "id": "not3", "top": 441.6, "left": 2265.6, "attrs": {} },
    { "type": "wokwi-gate-not", "id": "not5", "top": 460.8, "left": 1958.4, "attrs": {} },
    { "type": "wokwi-gate-nand-2", "id": "nand8", "top": 374.4, "left": 2371.2, "attrs": {} },
    { "type": "wokwi-gate-xor-2", "id": "xor6", "top": 460.8, "left": 2505.6, "attrs": {} },
    { "type": "wokwi-gate-xor-2", "id": "xor7", "top": 748.8, "left": 1996.8, "attrs": {} },
    { "type": "wokwi-gate-not", "id": "not7", "top": 748.8, "left": 2112, "attrs": {} },
    { "type": "wokwi-gate-nand-2", "id": "nand11", "top": 1056, "left": 1987.2, "attrs": {} },
    { "type": "wokwi-gate-or-2", "id": "or4", "top": 1017.6, "left": 2121.6, "attrs": {} },
    { "type": "wokwi-gate-not", "id": "not8", "top": 1171.2, "left": 2140.8, "attrs": {} },
    { "type": "wokwi-gate-xor-2", "id": "xor8", "top": 1036.8, "left": 2236.8, "attrs": {} },
    { "type": "wokwi-gate-or-2", "id": "or5", "top": 1334.4, "left": 2035.2, "attrs": {} },
    { "type": "wokwi-gate-and-2", "id": "and1", "top": 1392, "left": 2073.6, "attrs": {} },
    { "type": "wokwi-gate-and-2", "id": "and4", "top": 1449.6, "left": 2064, "attrs": {} },
    { "type": "wokwi-gate-and-2", "id": "and5", "top": 1545.6, "left": 2083.2, "attrs": {} },
    { "type": "wokwi-gate-xor-2", "id": "xor9", "top": 1603.2, "left": 2198.4, "attrs": {} },
    { "type": "wokwi-gate-not", "id": "not9", "top": 1603.2, "left": 2304, "attrs": {} },
    { "type": "wokwi-gate-or-2", "id": "or8", "top": 326.4, "left": 2774.4, "attrs": {} },
    { "type": "wokwi-gate-not", "id": "not10", "top": 326.4, "left": 2889.6, "attrs": {} },
    { "type": "wokwi-gate-nand-2", "id": "nand12", "top": 249.6, "left": 2640, "attrs": {} },
    { "type": "wokwi-gate-nand-2", "id": "nand13", "top": 374.4, "left": 2649.6, "attrs": {} },
    { "type": "wokwi-gate-or-2", "id": "or9", "top": 441.6, "left": 3148.8, "attrs": {} },
    { "type": "wokwi-gate-not", "id": "not11", "top": 441.6, "left": 3264, "attrs": {} },
    { "type": "wokwi-gate-nand-2", "id": "nand14", "top": 364.8, "left": 3014.4, "attrs": {} },
    { "type": "wokwi-gate-nand-2", "id": "nand15", "top": 489.6, "left": 3024, "attrs": {} },
    { "type": "wokwi-gate-or-2", "id": "or10", "top": 537.6, "left": 3561.6, "attrs": {} },
    { "type": "wokwi-gate-not", "id": "not12", "top": 537.6, "left": 3676.8, "attrs": {} },
    { "type": "wokwi-gate-nand-2", "id": "nand16", "top": 460.8, "left": 3427.2, "attrs": {} },
    { "type": "wokwi-gate-nand-2", "id": "nand17", "top": 585.6, "left": 3436.8, "attrs": {} },
    { "type": "wokwi-gate-or-2", "id": "or11", "top": 633.6, "left": 3945.6, "attrs": {} },
    { "type": "wokwi-gate-not", "id": "not13", "top": 633.6, "left": 4060.8, "attrs": {} },
    { "type": "wokwi-gate-nand-2", "id": "nand18", "top": 556.8, "left": 3811.2, "attrs": {} },
    { "type": "wokwi-gate-nand-2", "id": "nand19", "top": 681.6, "left": 3820.8, "attrs": {} },
    { "type": "wokwi-gate-and-2", "id": "and7", "top": -585.6, "left": 2208, "attrs": {} },
    { "type": "wokwi-gate-and-2", "id": "and8", "top": -537.6, "left": 2208, "attrs": {} },
    { "type": "wokwi-gate-and-2", "id": "and9", "top": -480, "left": 2208, "attrs": {} },
    { "type": "wokwi-gate-and-2", "id": "and10", "top": -422.4, "left": 2208, "attrs": {} },
    { "type": "wokwi-gate-and-2", "id": "and11", "top": -364.8, "left": 2208, "attrs": {} },
    { "type": "wokwi-gate-and-2", "id": "and12", "top": -316.8, "left": 2208, "attrs": {} },
    { "type": "wokwi-gate-and-2", "id": "and13", "top": -259.2, "left": 2208, "attrs": {} },
    { "type": "wokwi-gate-and-2", "id": "and14", "top": -201.6, "left": 2208, "attrs": {} },
    { "type": "wokwi-gate-and-2", "id": "and15", "top": -144, "left": 2198.4, "attrs": {} },
    { "type": "wokwi-gate-and-2", "id": "and16", "top": -76.8, "left": 2208, "attrs": {} },
    { "type": "wokwi-gate-and-2", "id": "and17", "top": -19.2, "left": 2208, "attrs": {} },
    { "type": "wokwi-gate-and-2", "id": "and18", "top": -576, "left": 2400, "attrs": {} },
    { "type": "wokwi-gate-and-2", "id": "and19", "top": -528, "left": 2400, "attrs": {} },
    { "type": "wokwi-gate-and-2", "id": "and20", "top": -470.4, "left": 2400, "attrs": {} },
    { "type": "wokwi-gate-and-2", "id": "and21", "top": -412.8, "left": 2400, "attrs": {} },
    { "type": "wokwi-gate-and-2", "id": "and22", "top": -355.2, "left": 2400, "attrs": {} },
    { "type": "wokwi-gate-and-2", "id": "and23", "top": -307.2, "left": 2400, "attrs": {} },
    { "type": "wokwi-gate-and-2", "id": "and24", "top": -249.6, "left": 2400, "attrs": {} },
    { "type": "wokwi-gate-and-2", "id": "and25", "top": -192, "left": 2400, "attrs": {} },
    { "type": "wokwi-gate-and-2", "id": "and26", "top": -134.4, "left": 2390.4, "attrs": {} },
    { "type": "wokwi-gate-and-2", "id": "and27", "top": -67.2, "left": 2400, "attrs": {} },
    { "type": "wokwi-gate-and-2", "id": "and28", "top": -566.4, "left": 2582.4, "attrs": {} },
    { "type": "wokwi-gate-and-2", "id": "and29", "top": -518.4, "left": 2582.4, "attrs": {} },
    { "type": "wokwi-gate-and-2", "id": "and30", "top": -460.8, "left": 2582.4, "attrs": {} },
    { "type": "wokwi-gate-and-2", "id": "and31", "top": -403.2, "left": 2582.4, "attrs": {} },
    { "type": "wokwi-gate-and-2", "id": "and32", "top": -345.6, "left": 2582.4, "attrs": {} },
    { "type": "wokwi-gate-and-2", "id": "and33", "top": -297.6, "left": 2582.4, "attrs": {} },
    { "type": "wokwi-gate-and-2", "id": "and34", "top": -240, "left": 2582.4, "attrs": {} },
    { "type": "wokwi-gate-and-2", "id": "and35", "top": -182.4, "left": 2582.4, "attrs": {} },
    { "type": "wokwi-gate-and-2", "id": "and36", "top": -124.8, "left": 2572.8, "attrs": {} },
    { "type": "wokwi-gate-and-2", "id": "and37", "top": -566.4, "left": 2755.2, "attrs": {} },
    { "type": "wokwi-gate-and-2", "id": "and38", "top": -518.4, "left": 2755.2, "attrs": {} },
    { "type": "wokwi-gate-and-2", "id": "and39", "top": -460.8, "left": 2755.2, "attrs": {} },
    { "type": "wokwi-gate-and-2", "id": "and40", "top": -403.2, "left": 2755.2, "attrs": {} },
    { "type": "wokwi-gate-and-2", "id": "and41", "top": -345.6, "left": 2755.2, "attrs": {} },
    { "type": "wokwi-gate-and-2", "id": "and42", "top": -297.6, "left": 2755.2, "attrs": {} },
    { "type": "wokwi-gate-and-2", "id": "and43", "top": -240, "left": 2755.2, "attrs": {} },
    { "type": "wokwi-gate-and-2", "id": "and44", "top": -182.4, "left": 2755.2, "attrs": {} },
    { "type": "wokwi-gate-and-2", "id": "and45", "top": -547.2, "left": 2928, "attrs": {} },
    { "type": "wokwi-gate-and-2", "id": "and46", "top": -499.2, "left": 2928, "attrs": {} },
    { "type": "wokwi-gate-and-2", "id": "and47", "top": -441.6, "left": 2928, "attrs": {} },
    { "type": "wokwi-gate-and-2", "id": "and48", "top": -384, "left": 2928, "attrs": {} },
    { "type": "wokwi-gate-and-2", "id": "and49", "top": -326.4, "left": 2928, "attrs": {} },
    { "type": "wokwi-gate-and-2", "id": "and50", "top": -278.4, "left": 2928, "attrs": {} },
    { "type": "wokwi-gate-and-2", "id": "and51", "top": -220.8, "left": 2928, "attrs": {} },
    { "type": "wokwi-gate-not", "id": "not14", "top": -105.6, "left": 3062.4, "attrs": {} },
    { "type": "wokwi-gate-xor-2", "id": "xor13", "top": 624, "left": 4233.6, "attrs": {} },
    { "type": "wokwi-gate-xor-2", "id": "xor14", "top": 844.8, "left": 4252.8, "attrs": {} },
    { "type": "wokwi-gate-or-2", "id": "or12", "top": 729.6, "left": 4377.6, "attrs": {} },
    { "type": "wokwi-gate-not", "id": "not15", "top": 19.2, "left": 2572.8, "attrs": {} },
    { "type": "wokwi-gate-nand-2", "id": "nand20", "top": 729.6, "left": 4512, "attrs": {} },
    { "type": "wokwi-gate-xor-2", "id": "xor17", "top": 1084.8, "left": 2428.8, "attrs": {} },
    { "type": "wokwi-gate-xor-2", "id": "xor18", "top": 1305.6, "left": 2448, "attrs": {} },
    { "type": "wokwi-gate-or-2", "id": "or14", "top": 1190.4, "left": 2572.8, "attrs": {} },
    { "type": "wokwi-gate-nand-2", "id": "nand22", "top": 1190.4, "left": 2707.2, "attrs": {} },
    { "type": "wokwi-gate-or-2", "id": "or15", "top": 1449.6, "left": 2505.6, "attrs": {} },
    { "type": "wokwi-gate-not", "id": "not16", "top": 1449.6, "left": 2620.8, "attrs": {} },
    { "type": "wokwi-gate-nand-2", "id": "nand23", "top": 1372.8, "left": 2371.2, "attrs": {} },
    { "type": "wokwi-gate-nand-2", "id": "nand25", "top": 1497.6, "left": 2380.8, "attrs": {} },
    { "type": "wokwi-gate-or-2", "id": "or16", "top": 1334.4, "left": 2956.8, "attrs": {} },
    { "type": "wokwi-gate-not", "id": "not17", "top": 1334.4, "left": 3072, "attrs": {} },
    { "type": "wokwi-gate-nand-2", "id": "nand27", "top": 1257.6, "left": 2822.4, "attrs": {} },
    { "type": "wokwi-gate-nand-2", "id": "nand28", "top": 1382.4, "left": 2832, "attrs": {} },
    { "type": "wokwi-gate-xor-2", "id": "xor19", "top": 1363.2, "left": 3264, "attrs": {} },
    { "type": "wokwi-gate-xor-2", "id": "xor20", "top": 1584, "left": 3283.2, "attrs": {} },
    { "type": "wokwi-gate-or-2", "id": "or18", "top": 1468.8, "left": 3408, "attrs": {} },
    { "type": "wokwi-gate-nand-2", "id": "nand31", "top": 1468.8, "left": 3542.4, "attrs": {} },
    { "type": "wokwi-gate-or-2", "id": "or19", "top": 1190.4, "left": 5337.6, "attrs": {} },
    { "type": "wokwi-gate-not", "id": "not19", "top": 1190.4, "left": 5452.8, "attrs": {} },
    { "type": "wokwi-gate-nand-2", "id": "nand32", "top": 1113.6, "left": 5203.2, "attrs": {} },
    { "type": "wokwi-gate-nand-2", "id": "nand33", "top": 1238.4, "left": 5212.8, "attrs": {} },
    { "type": "wokwi-vcc", "id": "vcc1", "top": 787.96, "left": 4195.2, "attrs": {} },
    { "type": "wokwi-led", "id": "led1", "top": 169.2, "left": 1703, "attrs": { "color": "red" } },
    {
      "type": "wokwi-led",
      "id": "led2",
      "top": 1148.4,
      "left": 5552.6,
      "attrs": { "color": "red" }
    }
  ],
  "connections": [
    [ "sr1:VCC", "uno:5V", "red", [ "h-28.8", "v49.2", "h-176.6" ] ],
    [ "sr1:GND", "uno:GND.3", "black", [ "v28.8", "h-259.2" ] ],
    [ "sr1:MR", "uno:5V", "red", [ "v20.4", "h28.8", "v26.4", "h-291.8" ] ],
    [ "sr1:OE", "uno:GND.3", "black", [ "v10.8", "h-48", "v48", "h-163.2" ] ],
    [ "sr1:STCP", "uno:13", "white", [ "v-46.8", "h-278.4" ] ],
    [ "sr1:SHCP", "uno:12", "white", [ "v-37.2", "h-278.4" ] ],
    [ "sr1:Q2", "nand9:A", "green", [ "v0" ] ],
    [ "sr1:Q1", "nand9:B", "green", [ "v0" ] ],
    [ "sr1:Q2", "or22:A", "green", [ "v288", "h163.2" ] ],
    [ "nand9:OUT", "or22:B", "green", [ "v0" ] ],
    [ "nand9:OUT", "nand26:A", "green", [ "v0" ] ],
    [ "or22:OUT", "or23:A", "green", [ "v0" ] ],
    [ "or23:OUT", "nand24:A", "green", [ "v0" ] ],
    [ "nand26:OUT", "nand24:B", "green", [ "v0" ] ],
    [ "nand9:OUT", "or23:B", "green", [ "v0" ] ],
    [ "xor2:OUT", "xor1:A", "green", [ "v0" ] ],
    [ "not1:OUT", "xor2:A", "green", [ "v28.8", "h-67.2", "v38.4" ] ],
    [ "nand1:OUT", "not1:IN", "green", [ "v0" ] ],
    [ "xor3:OUT", "xor2:B", "green", [ "v0" ] ],
    [ "or1:OUT", "xor3:A", "green", [ "v0" ] ],
    [ "and2:OUT", "xor3:B", "green", [ "h38.4", "v-115.2" ] ],
    [ "nand2:OUT", "nand1:A", "green", [ "v0" ] ],
    [ "nand3:OUT", "nand1:B", "green", [ "v0" ] ],
    [ "and3:OUT", "nand2:A", "green", [ "v0" ] ],
    [ "and3:OUT", "nand2:B", "green", [ "v0" ] ],
    [ "nand4:OUT", "nand3:A", "green", [ "v0" ] ],
    [ "nand4:OUT", "nand3:B", "green", [ "v0" ] ],
    [ "nand5:OUT", "nand4:A", "green", [ "v0", "h105.6" ] ],
    [ "nand6:OUT", "nand4:B", "green", [ "v0", "h48" ] ],
    [ "nand7:OUT", "nand5:B", "green", [ "v0" ] ],
    [ "nand7:OUT", "nand6:A", "green", [ "v0" ] ],
    [ "sr1:Q7", "and3:A", "green", [ "v57.6", "h48", "v-9.6" ] ],
    [ "sr1:Q6", "and3:B", "green", [ "v67.2", "h76.8", "v-153.6" ] ],
    [ "sr1:Q6", "nand7:A", "green", [ "v67.2", "h96", "v-67.2" ] ],
    [ "sr1:Q6", "nand5:A", "green", [ "v67.2", "h96", "v-115.2" ] ],
    [ "sr1:Q5", "nand7:B", "green", [ "v76.8", "h124.8", "v-57.6" ] ],
    [ "sr1:Q5", "nand6:B", "green", [ "v76.8", "h297.6", "v-19.2" ] ],
    [ "not2:OUT", "or1:A", "green", [ "v0" ] ],
    [ "xor4:OUT", "and2:B", "green", [ "v0" ] ],
    [ "xor4:OUT", "not2:IN", "green", [ "v0" ] ],
    [ "sr1:Q4", "xor4:A", "green", [ "v0" ] ],
    [ "sr1:Q3", "xor4:B", "green", [ "v0" ] ],
    [ "sr1:Q4", "or1:B", "green", [ "v153.6", "h585.6" ] ],
    [ "sr1:Q3", "and2:A", "green", [ "v0" ] ],
    [ "sr1:Q7S", "led4:A", "green", [ "h0" ] ],
    [ "led4:C", "uno:GND.3", "green", [ "v0" ] ],
    [ "uno:2", "sr1:DS", "green", [ "v-19.2", "h148.1" ] ],
    [ "nand24:OUT", "xor1:B", "green", [ "v-144", "h384" ] ],
    [ "sr1:Q0", "nand26:B", "green", [ "v-18", "h-67.2", "v384" ] ],
    [ "gnd1:GND", "flop1:S", "black", [ "v0" ] ],
    [ "flop1:NOTQ", "flop1:D", "green", [ "h-19.2", "v-28.8", "h-76.8" ] ],
    [ "gnd2:GND", "flop2:S", "black", [ "v0" ] ],
    [ "flop2:NOTQ", "flop2:D", "green", [ "h-19.2", "v-28.8", "h-76.8" ] ],
    [ "flop1:Q", "flop2:CLK", "green", [ "v0", "h-57.6", "v67.2", "h-48", "v48" ] ],
    [ "gnd3:GND", "flop3:S", "black", [ "v0" ] ],
    [ "flop3:NOTQ", "flop3:D", "green", [ "h-19.2", "v-28.8", "h-76.8" ] ],
    [ "gnd4:GND", "flop4:S", "black", [ "v0" ] ],
    [ "flop4:NOTQ", "flop4:D", "green", [ "h-19.2", "v-28.8", "h-76.8" ] ],
    [ "flop3:Q", "flop4:CLK", "green", [ "v0", "h-57.6", "v67.2", "h-48", "v48" ] ],
    [ "flop2:Q", "flop3:CLK", "green", [ "v0", "h-57.6", "v67.2", "h-48", "v38.4" ] ],
    [ "flop1:R", "flop2:R", "green", [ "h9.6", "v96" ] ],
    [ "flop2:R", "flop3:R", "green", [ "h9.6", "v86.4" ] ],
    [ "flop3:R", "flop4:R", "green", [ "h9.6", "v86.4" ] ],
    [ "gnd6:GND", "flop6:S", "black", [ "v0" ] ],
    [ "flop6:NOTQ", "flop6:D", "green", [ "h-19.2", "v-28.8", "h-76.8" ] ],
    [ "gnd9:GND", "flop9:S", "black", [ "v0" ] ],
    [ "flop9:NOTQ", "flop9:D", "green", [ "h-19.2", "v-28.8", "h-76.8" ] ],
    [ "gnd10:GND", "flop10:S", "black", [ "v0" ] ],
    [ "flop10:NOTQ", "flop10:D", "green", [ "h-19.2", "v-28.8", "h-76.8" ] ],
    [ "flop9:Q", "flop10:CLK", "green", [ "v0", "h-57.6", "v67.2", "h-48", "v48" ] ],
    [ "gnd11:GND", "flop11:S", "black", [ "v0" ] ],
    [ "flop11:NOTQ", "flop11:D", "green", [ "h-19.2", "v-28.8", "h-76.8" ] ],
    [ "gnd12:GND", "flop12:S", "black", [ "v0" ] ],
    [ "flop12:NOTQ", "flop12:D", "green", [ "h-19.2", "v-28.8", "h-76.8" ] ],
    [ "flop11:Q", "flop12:CLK", "green", [ "v0", "h-57.6", "v67.2", "h-48", "v48" ] ],
    [ "flop10:Q", "flop11:CLK", "green", [ "v0", "h-57.6", "v67.2", "h-48", "v38.4" ] ],
    [ "flop9:R", "flop10:R", "green", [ "h9.6", "v96" ] ],
    [ "flop10:R", "flop11:R", "green", [ "h9.6", "v86.4" ] ],
    [ "flop11:R", "flop12:R", "green", [ "h9.6", "v86.4" ] ],
    [ "gnd13:GND", "flop13:S", "black", [ "v0" ] ],
    [ "flop13:NOTQ", "flop13:D", "green", [ "h-19.2", "v-28.8", "h-76.8" ] ],
    [ "gnd14:GND", "flop14:S", "black", [ "v0" ] ],
    [ "flop14:NOTQ", "flop14:D", "green", [ "h-19.2", "v-28.8", "h-76.8" ] ],
    [ "flop13:Q", "flop14:CLK", "green", [ "v0", "h-57.6", "v67.2", "h-48", "v48" ] ],
    [ "gnd15:GND", "flop15:S", "black", [ "v0" ] ],
    [ "flop15:NOTQ", "flop15:D", "green", [ "h-19.2", "v-28.8", "h-76.8" ] ],
    [ "flop14:Q", "flop15:CLK", "green", [ "v0", "h-57.6", "v67.2", "h-48", "v38.4" ] ],
    [ "flop13:R", "flop14:R", "green", [ "h9.6", "v96" ] ],
    [ "flop14:R", "flop15:R", "green", [ "h9.6", "v86.4" ] ],
    [ "flop12:Q", "flop13:CLK", "green", [ "v0", "h-57.6", "v86.4", "h-48", "v38.4" ] ],
    [ "flop12:R", "flop13:R", "green", [ "h9.6", "v105.6" ] ],
    [ "xor1:OUT", "flop1:CLK", "green", [ "v0" ] ],
    [ "flop1:R", "uno:10", "green", [ "h-67.2", "v-499.2", "h-1756.8" ] ],
    [ "flop1:NOTQ", "xor5:B", "green", [ "h0" ] ],
    [ "xor5:A", "gnd17:GND", "green", [ "h0" ] ],
    [ "or2:OUT", "not3:IN", "green", [ "v0", "h19.2" ] ],
    [ "flop2:NOTQ", "or2:A", "green", [ "h0" ] ],
    [ "flop3:NOTQ", "not5:IN", "green", [ "h0" ] ],
    [ "not5:OUT", "or2:B", "green", [ "v0" ] ],
    [ "not3:OUT", "nand8:B", "green", [ "v0" ] ],
    [ "flop2:NOTQ", "nand8:A", "green", [ "h9.6", "v-19.2" ] ],
    [ "nand8:OUT", "xor6:A", "green", [ "v0" ] ],
    [ "flop4:NOTQ", "xor6:B", "green", [ "h528", "v-86.4" ] ],
    [ "flop6:NOTQ", "xor7:B", "green", [ "h0" ] ],
    [
      "nand8:OUT",
      "xor7:A",
      "green",
      [ "v76.8", "h-48", "v9.6", "h-355.2", "v19.2", "h-96", "v249.6" ]
    ],
    [ "xor7:OUT", "not7:IN", "green", [ "v0" ] ],
    [ "flop9:NOTQ", "nand11:A", "green", [ "h0" ] ],
    [ "flop11:NOTQ", "nand11:B", "green", [ "h0" ] ],
    [ "nand11:OUT", "or4:B", "green", [ "v0" ] ],
    [ "flop9:NOTQ", "or4:A", "green", [ "h38.4", "v-28.8" ] ],
    [ "nand11:OUT", "not8:IN", "green", [ "v0" ] ],
    [ "or4:OUT", "xor8:A", "green", [ "v0" ] ],
    [ "flop10:NOTQ", "xor8:B", "green", [ "h182.4", "v-86.4" ] ],
    [ "flop12:NOTQ", "or5:A", "green", [ "h0" ] ],
    [ "flop13:NOTQ", "and1:A", "green", [ "h105.6", "v-48" ] ],
    [ "flop14:NOTQ", "and4:B", "green", [ "h105.6", "v-48" ] ],
    [ "and1:OUT", "and4:A", "green", [ "v38.4", "h-96" ] ],
    [ "and4:OUT", "and1:B", "green", [ "v-38.4", "h-96" ] ],
    [ "and1:OUT", "or5:B", "green", [ "v-38.4", "h-153.6", "v-9.6" ] ],
    [ "flop13:NOTQ", "and5:A", "green", [ "h9.6", "v67.2" ] ],
    [ "flop14:NOTQ", "and5:B", "green", [ "h0", "v28.8" ] ],
    [ "and4:OUT", "xor9:A", "green", [ "v0" ] ],
    [ "flop15:NOTQ", "xor9:B", "green", [ "h0" ] ],
    [ "xor9:OUT", "not9:IN", "green", [ "v0", "h9.6" ] ],
    [ "or8:OUT", "not10:IN", "green", [ "v0", "h19.2" ] ],
    [ "xor5:OUT", "nand12:A", "green", [ "v0" ] ],
    [ "xor5:OUT", "nand12:B", "green", [ "v0" ] ],
    [ "not3:OUT", "nand13:A", "green", [ "v-38.4", "h268.8", "v-38.4", "h19.2" ] ],
    [ "not3:OUT", "nand13:B", "green", [ "v-38.4", "h268.8" ] ],
    [ "nand12:OUT", "or8:A", "green", [ "v0" ] ],
    [ "nand13:OUT", "or8:B", "green", [ "v0" ] ],
    [ "or9:OUT", "not11:IN", "green", [ "v0", "h19.2" ] ],
    [ "nand14:OUT", "or9:A", "green", [ "v0" ] ],
    [ "nand15:OUT", "or9:B", "green", [ "v0" ] ],
    [ "not10:OUT", "nand14:A", "green", [ "v0" ] ],
    [ "not10:OUT", "nand14:B", "green", [ "v0" ] ],
    [ "xor6:OUT", "nand15:A", "green", [ "v0" ] ],
    [ "xor6:OUT", "nand15:B", "green", [ "v0" ] ],
    [ "or10:OUT", "not12:IN", "green", [ "v0", "h19.2" ] ],
    [ "nand16:OUT", "or10:A", "green", [ "v0" ] ],
    [ "nand17:OUT", "or10:B", "green", [ "v0" ] ],
    [ "not11:OUT", "nand16:A", "green", [ "v0" ] ],
    [ "not11:OUT", "nand16:B", "green", [ "v0" ] ],
    [ "or11:OUT", "not13:IN", "green", [ "v0", "h19.2" ] ],
    [ "nand18:OUT", "or11:A", "green", [ "v0" ] ],
    [ "nand19:OUT", "or11:B", "green", [ "v0" ] ],
    [ "not12:OUT", "nand18:A", "green", [ "v0" ] ],
    [ "not12:OUT", "nand18:B", "green", [ "v0" ] ],
    [ "not7:OUT", "nand19:A", "green", [ "v0" ] ],
    [ "not7:OUT", "nand19:B", "green", [ "v0" ] ],
    [ "flop1:NOTQ", "and7:A", "green", [ "h57.6", "v-873.6", "h57.6" ] ],
    [ "flop2:NOTQ", "and8:A", "green", [ "h57.6", "v-921.6" ] ],
    [ "not5:IN", "and9:A", "green", [ "v0" ] ],
    [ "flop3:NOTQ", "and10:A", "green", [ "h38.4", "v-921.6" ] ],
    [ "flop4:NOTQ", "and11:A", "green", [ "h0", "v-960" ] ],
    [ "flop6:Q", "and13:A", "green", [ "v0" ] ],
    [ "flop9:Q", "and16:A", "green", [ "v0" ] ],
    [ "flop10:Q", "and17:A", "green", [ "v0" ] ],
    [ "and7:OUT", "and8:B", "green", [ "v0" ] ],
    [ "and8:OUT", "and9:B", "green", [ "v0" ] ],
    [ "and9:OUT", "and10:B", "green", [ "v0" ] ],
    [ "and10:OUT", "and11:B", "green", [ "v0" ] ],
    [ "and11:OUT", "and12:B", "green", [ "v0" ] ],
    [ "and12:OUT", "and13:B", "green", [ "v0" ] ],
    [ "and13:OUT", "and14:B", "green", [ "v0" ] ],
    [ "and14:OUT", "and15:B", "green", [ "v0" ] ],
    [ "and15:OUT", "and16:B", "green", [ "v0" ] ],
    [ "and16:OUT", "and17:B", "green", [ "v0" ] ],
    [ "and17:OUT", "and7:B", "green", [ "v38.4", "h-134.4", "v-595.2" ] ],
    [ "and18:OUT", "and19:B", "green", [ "v0" ] ],
    [ "and19:OUT", "and20:B", "green", [ "v0" ] ],
    [ "and20:OUT", "and21:B", "green", [ "v0" ] ],
    [ "and21:OUT", "and22:B", "green", [ "v0" ] ],
    [ "and22:OUT", "and23:B", "green", [ "v0" ] ],
    [ "and23:OUT", "and24:B", "green", [ "v0" ] ],
    [ "and24:OUT", "and25:B", "green", [ "v0" ] ],
    [ "and25:OUT", "and26:B", "green", [ "v0" ] ],
    [ "and26:OUT", "and27:B", "green", [ "v0" ] ],
    [ "and27:OUT", "and18:B", "green", [ "v28.8", "h-57.6", "v-528" ] ],
    [ "and7:OUT", "and18:A", "green", [ "v0" ] ],
    [ "and8:OUT", "and19:A", "green", [ "v0" ] ],
    [ "and9:OUT", "and20:A", "green", [ "v0" ] ],
    [ "and10:OUT", "and21:A", "green", [ "v0" ] ],
    [ "and11:OUT", "and22:A", "green", [ "v0" ] ],
    [ "and12:OUT", "and23:A", "green", [ "v0" ] ],
    [ "and13:OUT", "and24:A", "green", [ "v0" ] ],
    [ "and14:OUT", "and25:A", "green", [ "v0" ] ],
    [ "and15:OUT", "and26:A", "green", [ "v0" ] ],
    [ "and16:OUT", "and27:A", "green", [ "v0" ] ],
    [ "and28:OUT", "and29:B", "green", [ "v0" ] ],
    [ "and29:OUT", "and30:B", "green", [ "v0" ] ],
    [ "and30:OUT", "and31:B", "green", [ "v0" ] ],
    [ "and31:OUT", "and32:B", "green", [ "v0" ] ],
    [ "and32:OUT", "and33:B", "green", [ "v0" ] ],
    [ "and33:OUT", "and34:B", "green", [ "v0" ] ],
    [ "and34:OUT", "and35:B", "green", [ "v0" ] ],
    [ "and35:OUT", "and36:B", "green", [ "v0" ] ],
    [ "and37:OUT", "and38:B", "green", [ "v0" ] ],
    [ "and38:OUT", "and39:B", "green", [ "v0" ] ],
    [ "and39:OUT", "and40:B", "green", [ "v0" ] ],
    [ "and40:OUT", "and41:B", "green", [ "v0" ] ],
    [ "and41:OUT", "and42:B", "green", [ "v0" ] ],
    [ "and42:OUT", "and43:B", "green", [ "v0" ] ],
    [ "and43:OUT", "and44:B", "green", [ "v0" ] ],
    [ "and45:OUT", "and46:B", "green", [ "v0" ] ],
    [ "and46:OUT", "and47:B", "green", [ "v0" ] ],
    [ "and47:OUT", "and48:B", "green", [ "v0" ] ],
    [ "and48:OUT", "and49:B", "green", [ "v0" ] ],
    [ "and49:OUT", "and50:B", "green", [ "v0" ] ],
    [ "and50:OUT", "and51:B", "green", [ "v0" ] ],
    [ "and36:OUT", "and28:B", "green", [ "v28.8", "h-28.8", "v-470.4" ] ],
    [ "and44:OUT", "and37:B", "green", [ "v28.8", "h-48", "v-412.8" ] ],
    [ "and51:OUT", "and45:B", "green", [ "v48", "h-57.6", "v-374.4" ] ],
    [ "and18:OUT", "and28:A", "green", [ "v0" ] ],
    [ "and19:OUT", "and29:A", "green", [ "v0" ] ],
    [ "and20:OUT", "and30:A", "green", [ "v0" ] ],
    [ "and21:OUT", "and31:A", "green", [ "v0" ] ],
    [ "and22:OUT", "and32:A", "green", [ "v0" ] ],
    [ "and23:OUT", "and33:A", "green", [ "v0" ] ],
    [ "and24:OUT", "and34:A", "green", [ "v0" ] ],
    [ "and25:OUT", "and35:A", "green", [ "v0" ] ],
    [ "and26:OUT", "and36:A", "green", [ "v0" ] ],
    [ "and28:OUT", "and37:A", "green", [ "v0" ] ],
    [ "and29:OUT", "and38:A", "green", [ "v0" ] ],
    [ "and30:OUT", "and39:A", "green", [ "v0" ] ],
    [ "and31:OUT", "and40:A", "green", [ "v0" ] ],
    [ "and32:OUT", "and41:A", "green", [ "v0" ] ],
    [ "and33:OUT", "and42:A", "green", [ "v0" ] ],
    [ "and34:OUT", "and43:A", "green", [ "v0" ] ],
    [ "and35:OUT", "and44:A", "green", [ "v0" ] ],
    [ "and44:OUT", "and51:A", "green", [ "v0" ] ],
    [ "and43:OUT", "and50:A", "green", [ "v0" ] ],
    [ "and42:OUT", "and49:A", "green", [ "v0" ] ],
    [ "and41:OUT", "and48:A", "green", [ "v0" ] ],
    [ "and40:OUT", "and47:A", "green", [ "v0" ] ],
    [ "and39:OUT", "and46:A", "green", [ "v0" ] ],
    [ "and38:OUT", "and45:A", "green", [ "v0" ] ],
    [ "and51:OUT", "not14:IN", "green", [ "v0" ] ],
    [ "not13:OUT", "xor13:B", "green", [ "v0" ] ],
    [ "not14:OUT", "xor13:A", "green", [ "v278.4", "h988.8" ] ],
    [ "xor13:OUT", "or12:A", "green", [ "v0" ] ],
    [ "and26:OUT", "not15:IN", "green", [ "v0" ] ],
    [ "not15:OUT", "xor14:A", "green", [ "v201.6", "h1449.6", "v595.2" ] ],
    [ "xor14:OUT", "or12:B", "green", [ "v0" ] ],
    [ "or12:OUT", "nand20:A", "green", [ "v0" ] ],
    [ "or12:OUT", "nand20:B", "green", [ "v0" ] ],
    [ "xor17:OUT", "or14:A", "green", [ "v0" ] ],
    [ "xor18:OUT", "or14:B", "green", [ "v0" ] ],
    [ "or14:OUT", "nand22:A", "green", [ "v0" ] ],
    [ "or14:OUT", "nand22:B", "green", [ "v0" ] ],
    [ "or4:OUT", "xor17:A", "green", [ "v0" ] ],
    [ "xor8:OUT", "xor17:B", "green", [ "v0" ] ],
    [ "not8:OUT", "xor18:B", "green", [ "v0" ] ],
    [ "or4:OUT", "xor18:A", "green", [ "v0" ] ],
    [ "or15:OUT", "not16:IN", "green", [ "v0", "h19.2" ] ],
    [ "nand23:OUT", "or15:A", "green", [ "v0" ] ],
    [ "nand25:OUT", "or15:B", "green", [ "v0" ] ],
    [ "or5:OUT", "nand23:A", "green", [ "v0" ] ],
    [ "or5:OUT", "nand23:B", "green", [ "v0" ] ],
    [ "and5:OUT", "nand25:A", "green", [ "v0" ] ],
    [ "and5:OUT", "nand25:B", "green", [ "v0" ] ],
    [ "or16:OUT", "not17:IN", "green", [ "v0", "h19.2" ] ],
    [ "nand27:OUT", "or16:A", "green", [ "v0" ] ],
    [ "nand28:OUT", "or16:B", "green", [ "v0" ] ],
    [ "nand22:OUT", "nand27:A", "green", [ "v0" ] ],
    [ "nand22:OUT", "nand27:B", "green", [ "v0" ] ],
    [ "not16:OUT", "nand28:A", "green", [ "v0" ] ],
    [ "not16:OUT", "nand28:B", "green", [ "v0" ] ],
    [ "xor19:OUT", "or18:A", "green", [ "v0" ] ],
    [ "xor20:OUT", "or18:B", "green", [ "v0" ] ],
    [ "or18:OUT", "nand31:A", "green", [ "v0" ] ],
    [ "or18:OUT", "nand31:B", "green", [ "v0" ] ],
    [ "not17:OUT", "xor19:B", "green", [ "v0" ] ],
    [ "not15:OUT", "xor19:A", "green", [ "v1113.6", "h585.6", "v230.4" ] ],
    [ "not15:OUT", "xor20:A", "green", [ "v0" ] ],
    [ "or19:OUT", "not19:IN", "green", [ "v0", "h19.2" ] ],
    [ "nand32:OUT", "or19:A", "green", [ "v0" ] ],
    [ "nand33:OUT", "or19:B", "green", [ "v0" ] ],
    [ "nand31:OUT", "nand33:A", "green", [ "v0" ] ],
    [ "nand31:OUT", "nand33:B", "green", [ "v0" ] ],
    [ "and14:A", "and48:OUT", "green", [ "h624", "v86.4", "h76.8" ] ],
    [ "vcc1:VCC", "xor14:B", "red", [ "v0" ] ],
    [ "not9:OUT", "xor20:B", "green", [ "v0" ] ],
    [ "flop4:R", "flop6:R", "green", [ "h9.6", "v211.2" ] ],
    [ "flop4:Q", "flop6:CLK", "green", [ "v153.6", "h-115.2" ] ],
    [ "flop6:Q", "flop9:CLK", "green", [ "v230.4", "h-124.8", "v67.2" ] ],
    [ "flop6:R", "flop9:R", "green", [ "h0", "v288" ] ],
    [ "nand20:OUT", "nand32:A", "green", [ "v0" ] ],
    [ "nand20:OUT", "nand32:B", "green", [ "v0" ] ],
    [ "not11:OUT", "nand17:A", "green", [ "v0" ] ],
    [ "not11:OUT", "nand17:B", "green", [ "v153.6", "h76.8" ] ],
    [ "and15:A", "and14:OUT", "green", [ "h0" ] ],
    [ "and12:A", "and11:OUT", "green", [ "h96", "v-38.4" ] ],
    [ "xor1:OUT", "led1:C", "green", [ "v0" ] ],
    [ "not19:OUT", "led2:C", "green", [ "v0" ] ]
  ],
  "dependencies": {}
}